{
  "role": "Admin",
  "n_sequences": 140,
  "n_features": 15,
  "final_loss": 0.5820085406303406,
  "threshold": 1.8831262588500977,
  "threshold_method": "percentile",
  "error_mean": 0.5953458547592163,
  "error_std": 0.22826442122459412,
  "error_p50": 0.5500854253768921,
  "error_p95": 0.9693388938903809,
  "error_p99": 1.56975257396698
}