{
  "role": "global",
  "n_sequences": 1445,
  "n_features": 15,
  "final_loss": 0.6789955082147018,
  "threshold": 6.354000568389893,
  "threshold_method": "percentile",
  "error_mean": 0.677260160446167,
  "error_std": 4.335994243621826,
  "error_p50": 0.2759171426296234,
  "error_p95": 1.0178548097610474,
  "error_p99": 2.860349178314209
}