{
  "role": "Employee",
  "n_sequences": 1159,
  "n_features": 15,
  "final_loss": 0.7092080477036928,
  "threshold": 3.770721435546875,
  "threshold_method": "percentile",
  "error_mean": 0.7252748608589172,
  "error_std": 4.218297004699707,
  "error_p50": 0.3665710985660553,
  "error_p95": 0.9927308559417725,
  "error_p99": 1.380853295326233
}